id,name,type,state,created_at,updated_at
1,Device_0,motion_sensor,1,2026-05-29 12:15:00,2026-05-29 12:20:00
2,Device_1,motion_sensor,0,2026-05-24 10:47:00,2026-05-24 10:52:00
3,Device_2,motion_sensor,1,2026-05-06 22:56:00,2026-05-06 23:01:00
4,Device_3,door_sensor,1,2026-05-12 06:19:00,2026-05-12 06:24:00
5,Device_4,door_sensor,0,2026-05-28 08:54:00,2026-05-28 08:59:00
6,Device_5,motion_sensor,1,2026-05-20 18:51:00,2026-05-20 18:56:00
7,Device_6,motion_sensor,0,2026-05-07 13:12:00,2026-05-07 13:17:00
8,Device_7,door_sensor,1,2026-05-26 09:47:00,2026-05-26 09:52:00
9,Device_8,smart_light,1,2026-05-12 20:02:00,2026-05-12 20:07:00
10,Device_9,motion_sensor,1,2026-05-08 10:58:00,2026-05-08 11:03:00
11,Device_10,smart_light,1,2026-05-29 22:12:00,2026-05-29 22:17:00
12,Device_11,smart_light,1,2026-05-16 18:09:00,2026-05-16 18:14:00
13,Device_12,smart_light,1,2026-05-21 23:10:00,2026-05-21 23:15:00
14,Device_13,door_sensor,1,2026-05-25 07:54:00,2026-05-25 07:59:00
15,Device_14,door_sensor,0,2026-05-25 06:01:00,2026-05-25 06:06:00
16,Device_15,door_sensor,1,2026-05-11 19:45:00,2026-05-11 19:50:00
17,Device_16,door_sensor,1,2026-05-05 19:36:00,2026-05-05 19:41:00
18,Device_17,motion_sensor,1,2026-05-12 06:28:00,2026-05-12 06:33:00
19,Device_18,door_sensor,1,2026-05-05 19:29:00,2026-05-05 19:34:00
20,Device_19,smart_light,0,2026-05-14 18:57:00,2026-05-14 19:02:00
21,Device_20,door_sensor,1,2026-05-07 16:21:00,2026-05-07 16:26:00
22,Device_21,door_sensor,0,2026-05-13 18:45:00,2026-05-13 18:50:00
23,Device_22,motion_sensor,1,2026-05-04 16:24:00,2026-05-04 16:29:00
24,Device_23,door_sensor,1,2026-05-29 18:30:00,2026-05-29 18:35:00
25,Device_24,door_sensor,1,2026-05-28 18:56:00,2026-05-28 19:01:00
26,Device_25,smart_light,0,2026-05-30 11:05:00,2026-05-30 11:10:00
27,Device_26,smart_light,1,2026-05-01 22:55:00,2026-05-01 23:00:00
28,Device_27,door_sensor,1,2026-05-09 07:57:00,2026-05-09 08:02:00
29,Device_28,motion_sensor,1,2026-05-05 14:27:00,2026-05-05 14:32:00
30,Device_29,motion_sensor,1,2026-05-22 10:26:00,2026-05-22 10:31:00
31,Device_30,door_sensor,1,2026-05-20 09:06:00,2026-05-20 09:11:00
32,Device_31,smart_light,1,2026-05-17 23:50:00,2026-05-17 23:55:00
33,Device_32,door_sensor,1,2026-05-22 08:17:00,2026-05-22 08:22:00
34,Device_33,door_sensor,1,2026-05-02 19:47:00,2026-05-02 19:52:00
35,Device_34,smart_light,1,2026-05-11 22:50:00,2026-05-11 22:55:00
36,Device_35,motion_sensor,1,2026-05-20 09:28:00,2026-05-20 09:33:00
37,Device_36,smart_light,0,2026-05-01 22:03:00,2026-05-01 22:08:00
38,Device_37,motion_sensor,1,2026-05-28 14:53:00,2026-05-28 14:58:00
39,Device_38,motion_sensor,1,2026-05-07 10:46:00,2026-05-07 10:51:00
40,Device_39,door_sensor,1,2026-05-08 05:55:00,2026-05-08 06:00:00
41,Device_40,motion_sensor,1,2026-05-30 12:36:00,2026-05-30 12:41:00
42,Device_41,motion_sensor,1,2026-05-25 15:46:00,2026-05-25 15:51:00
43,Device_42,door_sensor,1,2026-05-05 07:31:00,2026-05-05 07:36:00
44,Device_43,motion_sensor,1,2026-05-16 15:10:00,2026-05-16 15:15:00
45,Device_44,motion_sensor,1,2026-05-24 12:46:00,2026-05-24 12:51:00
46,Device_45,motion_sensor,1,2026-05-20 09:29:00,2026-05-20 09:34:00
47,Device_46,smart_light,0,2026-05-14 01:12:00,2026-05-14 01:17:00
48,Device_47,smart_light,1,2026-05-04 22:27:00,2026-05-04 22:32:00
49,Device_48,door_sensor,1,2026-05-08 17:01:00,2026-05-08 17:06:00
50,Device_49,motion_sensor,1,2026-05-27 09:45:00,2026-05-27 09:50:00
51,Device_50,smart_light,1,2026-05-06 23:39:00,2026-05-06 23:44:00
52,Device_51,motion_sensor,1,2026-05-21 14:24:00,2026-05-21 14:29:00
53,Device_52,door_sensor,1,2026-05-28 09:42:00,2026-05-28 09:47:00
54,Device_53,motion_sensor,0,2026-05-12 16:22:00,2026-05-12 16:27:00
55,Device_54,smart_light,1,2026-05-05 21:18:00,2026-05-05 21:23:00
56,Device_55,door_sensor,1,2026-05-28 06:27:00,2026-05-28 06:32:00
57,Device_56,motion_sensor,1,2026-05-03 13:12:00,2026-05-03 13:17:00
58,Device_57,door_sensor,1,2026-05-08 07:40:00,2026-05-08 07:45:00
59,Device_58,smart_light,1,2026-05-10 21:56:00,2026-05-10 22:01:00
60,Device_59,smart_light,0,2026-05-22 17:42:00,2026-05-22 17:47:00
61,Device_60,motion_sensor,1,2026-05-18 13:19:00,2026-05-18 13:24:00
62,Device_61,door_sensor,1,2026-05-13 09:14:00,2026-05-13 09:19:00
63,Device_62,door_sensor,1,2026-05-12 19:45:00,2026-05-12 19:50:00
64,Device_63,motion_sensor,0,2026-05-23 15:16:00,2026-05-23 15:21:00
65,Device_64,motion_sensor,1,2026-05-22 09:52:00,2026-05-22 09:57:00
66,Device_65,smart_light,0,2026-05-15 22:48:00,2026-05-15 22:53:00
67,Device_66,motion_sensor,1,2026-05-28 12:38:00,2026-05-28 12:43:00
68,Device_67,door_sensor,0,2026-05-30 12:41:00,2026-05-30 12:46:00
69,Device_68,motion_sensor,1,2026-05-28 15:36:00,2026-05-28 15:41:00
70,Device_69,smart_light,1,2026-05-28 19:52:00,2026-05-28 19:57:00
71,Device_70,motion_sensor,0,2026-05-09 20:06:00,2026-05-09 20:11:00
72,Device_71,door_sensor,0,2026-05-02 06:26:00,2026-05-02 06:31:00
73,Device_72,smart_light,1,2026-05-21 21:55:00,2026-05-21 22:00:00
74,Device_73,door_sensor,1,2026-05-29 18:49:00,2026-05-29 18:54:00
75,Device_74,motion_sensor,0,2026-05-22 12:51:00,2026-05-22 12:56:00
76,Device_75,door_sensor,0,2026-05-14 14:46:00,2026-05-14 14:51:00
77,Device_76,door_sensor,1,2026-05-04 15:27:00,2026-05-04 15:32:00
78,Device_77,smart_light,1,2026-05-05 21:30:00,2026-05-05 21:35:00
79,Device_78,smart_light,1,2026-05-26 20:26:00,2026-05-26 20:31:00
80,Device_79,door_sensor,0,2026-05-24 19:10:00,2026-05-24 19:15:00
81,Device_80,motion_sensor,1,2026-05-18 19:29:00,2026-05-18 19:34:00
82,Device_81,door_sensor,1,2026-05-12 05:57:00,2026-05-12 06:02:00
83,Device_82,door_sensor,1,2026-05-29 06:07:00,2026-05-29 06:12:00
84,Device_83,motion_sensor,1,2026-05-23 18:11:00,2026-05-23 18:16:00
85,Device_84,smart_light,1,2026-05-30 00:28:00,2026-05-30 00:33:00
86,Device_85,motion_sensor,1,2026-05-18 09:39:00,2026-05-18 09:44:00
87,Device_86,motion_sensor,1,2026-05-04 20:04:00,2026-05-04 20:09:00
88,Device_87,door_sensor,1,2026-05-03 06:42:00,2026-05-03 06:47:00
89,Device_88,smart_light,1,2026-05-30 17:26:00,2026-05-30 17:31:00
90,Device_89,door_sensor,1,2026-05-25 09:29:00,2026-05-25 09:34:00
91,Device_90,door_sensor,1,2026-05-16 17:19:00,2026-05-16 17:24:00
92,Device_91,smart_light,0,2026-05-09 19:13:00,2026-05-09 19:18:00
93,Device_92,door_sensor,1,2026-05-20 18:13:00,2026-05-20 18:18:00
94,Device_93,smart_light,1,2026-05-27 11:15:00,2026-05-27 11:20:00
95,Device_94,door_sensor,0,2026-05-21 18:36:00,2026-05-21 18:41:00
96,Device_95,smart_light,0,2026-05-03 23:17:00,2026-05-03 23:22:00
97,Device_96,door_sensor,1,2026-05-09 08:04:00,2026-05-09 08:09:00
98,Device_97,smart_light,1,2026-05-08 06:36:00,2026-05-08 06:41:00
99,Device_98,door_sensor,0,2026-05-29 07:31:00,2026-05-29 07:36:00
100,Device_99,smart_light,1,2026-05-22 19:46:00,2026-05-22 19:51:00
101,Device_100,door_sensor,1,2026-05-04 18:00:00,2026-05-04 18:05:00
102,Device_101,motion_sensor,1,2026-05-27 11:04:00,2026-05-27 11:09:00
103,Device_102,smart_light,1,2026-05-18 02:22:00,2026-05-18 02:27:00
104,Device_103,smart_light,1,2026-05-09 02:33:00,2026-05-09 02:38:00
105,Device_104,door_sensor,1,2026-05-28 08:43:00,2026-05-28 08:48:00
106,Device_105,door_sensor,1,2026-05-26 19:38:00,2026-05-26 19:43:00
107,Device_106,door_sensor,1,2026-05-16 19:48:00,2026-05-16 19:53:00
108,Device_107,door_sensor,1,2026-05-19 08:14:00,2026-05-19 08:19:00
109,Device_108,door_sensor,1,2026-05-15 07:25:00,2026-05-15 07:30:00
110,Device_109,door_sensor,1,2026-05-23 16:51:00,2026-05-23 16:56:00
111,Device_110,motion_sensor,0,2026-05-06 12:06:00,2026-05-06 12:11:00
112,Device_111,door_sensor,1,2026-05-08 19:52:00,2026-05-08 19:57:00
113,Device_112,smart_light,1,2026-05-22 21:11:00,2026-05-22 21:16:00
114,Device_113,door_sensor,1,2026-05-16 06:23:00,2026-05-16 06:28:00
115,Device_114,door_sensor,1,2026-05-05 05:41:00,2026-05-05 05:46:00
116,Device_115,door_sensor,1,2026-05-05 17:49:00,2026-05-05 17:54:00
117,Device_116,door_sensor,1,2026-05-17 17:05:00,2026-05-17 17:10:00
118,Device_117,door_sensor,1,2026-05-27 07:43:00,2026-05-27 07:48:00
119,Device_118,door_sensor,1,2026-05-01 06:15:00,2026-05-01 06:20:00
120,Device_119,motion_sensor,1,2026-05-05 14:32:00,2026-05-05 14:37:00
121,Device_120,motion_sensor,1,2026-05-10 13:04:00,2026-05-10 13:09:00
122,Device_121,motion_sensor,1,2026-05-01 09:45:00,2026-05-01 09:50:00
123,Device_122,door_sensor,1,2026-05-08 16:26:00,2026-05-08 16:31:00
124,Device_123,smart_light,1,2026-05-03 01:53:00,2026-05-03 01:58:00
125,Device_124,smart_light,1,2026-05-30 17:53:00,2026-05-30 17:58:00
126,Device_125,door_sensor,1,2026-05-05 14:15:00,2026-05-05 14:20:00
127,Device_126,smart_light,1,2026-05-28 18:28:00,2026-05-28 18:33:00
128,Device_127,smart_light,1,2026-05-27 18:45:00,2026-05-27 18:50:00
129,Device_128,motion_sensor,1,2026-05-24 10:09:00,2026-05-24 10:14:00
130,Device_129,smart_light,1,2026-05-29 22:58:00,2026-05-29 23:03:00
131,Device_130,smart_light,1,2026-05-20 00:18:00,2026-05-20 00:23:00
132,Device_131,door_sensor,1,2026-05-30 07:37:00,2026-05-30 07:42:00
133,Device_132,motion_sensor,1,2026-05-23 16:49:00,2026-05-23 16:54:00
134,Device_133,motion_sensor,0,2026-05-04 07:50:00,2026-05-04 07:55:00
135,Device_134,door_sensor,1,2026-05-18 08:52:00,2026-05-18 08:57:00
136,Device_135,motion_sensor,1,2026-05-10 11:16:00,2026-05-10 11:21:00
137,Device_136,door_sensor,1,2026-05-14 08:28:00,2026-05-14 08:33:00
138,Device_137,door_sensor,1,2026-05-26 17:51:00,2026-05-26 17:56:00
139,Device_138,motion_sensor,1,2026-05-11 09:42:00,2026-05-11 09:47:00
140,Device_139,door_sensor,1,2026-05-17 06:29:00,2026-05-17 06:34:00
141,Device_140,door_sensor,1,2026-05-22 09:08:00,2026-05-22 09:13:00
142,Device_141,smart_light,1,2026-05-26 23:08:00,2026-05-26 23:13:00
143,Device_142,motion_sensor,1,2026-05-14 02:37:00,2026-05-14 02:42:00
144,Device_143,motion_sensor,1,2026-05-15 05:19:00,2026-05-15 05:24:00
145,Device_144,motion_sensor,1,2026-05-17 13:33:00,2026-05-17 13:38:00
146,Device_145,smart_light,1,2026-05-13 02:14:00,2026-05-13 02:19:00
147,Device_146,door_sensor,1,2026-05-18 09:41:00,2026-05-18 09:46:00
148,Device_147,motion_sensor,1,2026-05-17 14:38:00,2026-05-17 14:43:00
149,Device_148,motion_sensor,1,2026-05-26 10:28:00,2026-05-26 10:33:00
150,Device_149,motion_sensor,1,2026-05-25 16:27:00,2026-05-25 16:32:00
151,Device_150,door_sensor,1,2026-05-16 16:58:00,2026-05-16 17:03:00
152,Device_151,smart_light,0,2026-05-19 00:25:00,2026-05-19 00:30:00
153,Device_152,door_sensor,1,2026-05-20 09:22:00,2026-05-20 09:27:00
154,Device_153,motion_sensor,1,2026-05-24 21:32:00,2026-05-24 21:37:00
155,Device_154,motion_sensor,1,2026-05-08 14:20:00,2026-05-08 14:25:00
156,Device_155,motion_sensor,0,2026-05-22 12:58:00,2026-05-22 13:03:00
157,Device_156,motion_sensor,1,2026-05-15 11:55:00,2026-05-15 12:00:00
158,Device_157,smart_light,0,2026-05-04 22:07:00,2026-05-04 22:12:00
159,Device_158,motion_sensor,1,2026-05-05 17:17:00,2026-05-05 17:22:00
160,Device_159,smart_light,1,2026-05-01 18:31:00,2026-05-01 18:36:00
161,Device_160,door_sensor,1,2026-05-23 14:29:00,2026-05-23 14:34:00
162,Device_161,smart_light,1,2026-05-18 17:08:00,2026-05-18 17:13:00
163,Device_162,door_sensor,1,2026-05-03 19:29:00,2026-05-03 19:34:00
164,Device_163,door_sensor,0,2026-05-29 19:02:00,2026-05-29 19:07:00
165,Device_164,motion_sensor,1,2026-05-03 09:15:00,2026-05-03 09:20:00
166,Device_165,door_sensor,1,2026-05-30 15:58:00,2026-05-30 16:03:00
167,Device_166,door_sensor,1,2026-05-08 16:33:00,2026-05-08 16:38:00
168,Device_167,smart_light,1,2026-05-15 19:27:00,2026-05-15 19:32:00
169,Device_168,door_sensor,1,2026-05-14 06:47:00,2026-05-14 06:52:00
170,Device_169,motion_sensor,1,2026-05-19 05:02:00,2026-05-19 05:07:00
171,Device_170,smart_light,1,2026-05-20 20:24:00,2026-05-20 20:29:00
172,Device_171,motion_sensor,0,2026-05-01 11:31:00,2026-05-01 11:36:00
173,Device_172,motion_sensor,1,2026-05-10 02:59:00,2026-05-10 03:04:00
174,Device_173,motion_sensor,1,2026-05-15 10:30:00,2026-05-15 10:35:00
175,Device_174,door_sensor,1,2026-05-08 18:59:00,2026-05-08 19:04:00
176,Device_175,door_sensor,1,2026-05-27 18:25:00,2026-05-27 18:30:00
177,Device_176,motion_sensor,1,2026-05-27 10:59:00,2026-05-27 11:04:00
178,Device_177,motion_sensor,1,2026-05-08 14:17:00,2026-05-08 14:22:00
179,Device_178,motion_sensor,0,2026-05-13 10:34:00,2026-05-13 10:39:00
180,Device_179,smart_light,0,2026-05-28 18:37:00,2026-05-28 18:42:00
181,Device_180,door_sensor,1,2026-05-26 09:03:00,2026-05-26 09:08:00
182,Device_181,smart_light,1,2026-05-22 19:05:00,2026-05-22 19:10:00
183,Device_182,motion_sensor,0,2026-05-04 20:48:00,2026-05-04 20:53:00
184,Device_183,motion_sensor,1,2026-05-19 09:34:00,2026-05-19 09:39:00
185,Device_184,motion_sensor,1,2026-05-10 13:46:00,2026-05-10 13:51:00
186,Device_185,door_sensor,0,2026-05-20 16:19:00,2026-05-20 16:24:00
187,Device_186,smart_light,1,2026-05-02 22:21:00,2026-05-02 22:26:00
188,Device_187,door_sensor,1,2026-05-19 19:48:00,2026-05-19 19:53:00
189,Device_188,door_sensor,0,2026-05-01 18:43:00,2026-05-01 18:48:00
190,Device_189,door_sensor,1,2026-05-18 18:15:00,2026-05-18 18:20:00
191,Device_190,door_sensor,1,2026-05-20 18:48:00,2026-05-20 18:53:00
192,Device_191,smart_light,1,2026-05-13 00:24:00,2026-05-13 00:29:00
193,Device_192,motion_sensor,1,2026-05-30 11:23:00,2026-05-30 11:28:00
194,Device_193,door_sensor,1,2026-05-19 16:12:00,2026-05-19 16:17:00
195,Device_194,door_sensor,1,2026-05-22 17:22:00,2026-05-22 17:27:00
196,Device_195,door_sensor,1,2026-05-04 06:55:00,2026-05-04 07:00:00
197,Device_196,door_sensor,1,2026-05-10 18:13:00,2026-05-10 18:18:00
198,Device_197,smart_light,0,2026-05-28 18:26:00,2026-05-28 18:31:00
199,Device_198,smart_light,0,2026-05-23 22:57:00,2026-05-23 23:02:00
200,Device_199,motion_sensor,1,2026-05-25 11:41:00,2026-05-25 11:46:00
201,Device_200,door_sensor,1,2026-05-08 08:28:00,2026-05-08 08:33:00
202,Device_201,motion_sensor,1,2026-05-14 16:37:00,2026-05-14 16:42:00
203,Device_202,door_sensor,1,2026-05-16 17:12:00,2026-05-16 17:17:00
204,Device_203,motion_sensor,1,2026-05-16 22:13:00,2026-05-16 22:18:00
205,Device_204,door_sensor,1,2026-05-05 09:14:00,2026-05-05 09:19:00
206,Device_205,motion_sensor,1,2026-05-23 10:06:00,2026-05-23 10:11:00
207,Device_206,door_sensor,1,2026-05-02 16:47:00,2026-05-02 16:52:00
208,Device_207,motion_sensor,1,2026-05-17 12:04:00,2026-05-17 12:09:00
209,Device_208,smart_light,1,2026-05-17 00:44:00,2026-05-17 00:49:00
210,Device_209,motion_sensor,1,2026-05-13 09:19:00,2026-05-13 09:24:00
211,Device_210,motion_sensor,1,2026-05-26 10:52:00,2026-05-26 10:57:00
212,Device_211,door_sensor,1,2026-05-06 16:12:00,2026-05-06 16:17:00
213,Device_212,door_sensor,1,2026-05-17 07:31:00,2026-05-17 07:36:00
214,Device_213,door_sensor,1,2026-05-10 17:16:00,2026-05-10 17:21:00
215,Device_214,door_sensor,1,2026-05-08 08:28:00,2026-05-08 08:33:00
216,Device_215,door_sensor,1,2026-05-17 06:20:00,2026-05-17 06:25:00
217,Device_216,door_sensor,1,2026-05-02 09:54:00,2026-05-02 09:59:00
218,Device_217,smart_light,1,2026-05-29 03:15:00,2026-05-29 03:20:00
219,Device_218,motion_sensor,1,2026-05-27 16:33:00,2026-05-27 16:38:00
220,Device_219,motion_sensor,1,2026-05-22 14:16:00,2026-05-22 14:21:00
221,Device_220,door_sensor,0,2026-05-20 19:13:00,2026-05-20 19:18:00
222,Device_221,motion_sensor,0,2026-05-09 12:20:00,2026-05-09 12:25:00
223,Device_222,smart_light,1,2026-05-01 21:19:00,2026-05-01 21:24:00
224,Device_223,door_sensor,1,2026-05-03 07:57:00,2026-05-03 08:02:00
225,Device_224,smart_light,1,2026-05-02 18:06:00,2026-05-02 18:11:00
226,Device_225,motion_sensor,0,2026-05-10 16:51:00,2026-05-10 16:56:00
227,Device_226,motion_sensor,1,2026-05-24 09:13:00,2026-05-24 09:18:00
228,Device_227,motion_sensor,1,2026-05-16 13:00:00,2026-05-16 13:05:00
229,Device_228,door_sensor,1,2026-05-26 07:35:00,2026-05-26 07:40:00
230,Device_229,door_sensor,1,2026-05-17 09:17:00,2026-05-17 09:22:00
231,Device_230,smart_light,1,2026-05-15 21:47:00,2026-05-15 21:52:00
232,Device_231,motion_sensor,0,2026-05-27 09:17:00,2026-05-27 09:22:00
233,Device_232,door_sensor,0,2026-05-03 07:12:00,2026-05-03 07:17:00
234,Device_233,motion_sensor,1,2026-05-24 10:29:00,2026-05-24 10:34:00
235,Device_234,door_sensor,1,2026-05-26 07:49:00,2026-05-26 07:54:00
236,Device_235,motion_sensor,1,2026-05-04 12:23:00,2026-05-04 12:28:00
237,Device_236,smart_light,1,2026-05-13 01:36:00,2026-05-13 01:41:00
238,Device_237,smart_light,1,2026-05-27 09:49:00,2026-05-27 09:54:00
239,Device_238,door_sensor,1,2026-05-27 16:33:00,2026-05-27 16:38:00
240,Device_239,smart_light,1,2026-05-21 16:38:00,2026-05-21 16:43:00
241,Device_240,door_sensor,1,2026-05-10 19:24:00,2026-05-10 19:29:00
242,Device_241,door_sensor,1,2026-05-30 18:43:00,2026-05-30 18:48:00
243,Device_242,motion_sensor,1,2026-05-04 13:12:00,2026-05-04 13:17:00
244,Device_243,smart_light,1,2026-05-15 00:03:00,2026-05-15 00:08:00
245,Device_244,motion_sensor,0,2026-05-27 09:52:00,2026-05-27 09:57:00
246,Device_245,door_sensor,1,2026-05-07 16:50:00,2026-05-07 16:55:00
247,Device_246,motion_sensor,1,2026-05-02 14:19:00,2026-05-02 14:24:00
248,Device_247,motion_sensor,1,2026-05-22 07:47:00,2026-05-22 07:52:00
249,Device_248,motion_sensor,0,2026-05-26 10:35:00,2026-05-26 10:40:00
250,Device_249,door_sensor,1,2026-05-05 07:48:00,2026-05-05 07:53:00
251,Device_250,motion_sensor,1,2026-05-26 15:43:00,2026-05-26 15:48:00
252,Device_251,door_sensor,1,2026-05-30 08:11:00,2026-05-30 08:16:00
253,Device_252,motion_sensor,1,2026-05-29 16:41:00,2026-05-29 16:46:00
254,Device_253,door_sensor,1,2026-05-11 06:35:00,2026-05-11 06:40:00
255,Device_254,motion_sensor,0,2026-05-02 08:06:00,2026-05-02 08:11:00
256,Device_255,smart_light,1,2026-05-11 01:53:00,2026-05-11 01:58:00
257,Device_256,smart_light,0,2026-05-26 23:59:00,2026-05-27 00:04:00
258,Device_257,smart_light,1,2026-05-05 15:07:00,2026-05-05 15:12:00
259,Device_258,door_sensor,1,2026-05-29 07:45:00,2026-05-29 07:50:00
260,Device_259,smart_light,1,2026-05-27 19:07:00,2026-05-27 19:12:00
261,Device_260,door_sensor,1,2026-05-08 06:22:00,2026-05-08 06:27:00
262,Device_261,door_sensor,1,2026-05-11 08:39:00,2026-05-11 08:44:00
263,Device_262,door_sensor,1,2026-05-06 16:54:00,2026-05-06 16:59:00
264,Device_263,motion_sensor,1,2026-05-19 13:25:00,2026-05-19 13:30:00
265,Device_264,motion_sensor,1,2026-05-07 10:25:00,2026-05-07 10:30:00
266,Device_265,smart_light,1,2026-05-12 20:33:00,2026-05-12 20:38:00
267,Device_266,smart_light,0,2026-05-02 17:54:00,2026-05-02 17:59:00
268,Device_267,door_sensor,1,2026-05-10 18:35:00,2026-05-10 18:40:00
269,Device_268,smart_light,0,2026-05-04 03:44:00,2026-05-04 03:49:00
270,Device_269,motion_sensor,0,2026-05-10 16:48:00,2026-05-10 16:53:00
271,Device_270,door_sensor,0,2026-05-18 17:08:00,2026-05-18 17:13:00
272,Device_271,motion_sensor,1,2026-05-20 13:06:00,2026-05-20 13:11:00
273,Device_272,motion_sensor,1,2026-05-19 05:05:00,2026-05-19 05:10:00
274,Device_273,smart_light,1,2026-05-29 22:58:00,2026-05-29 23:03:00
275,Device_274,door_sensor,0,2026-05-23 08:23:00,2026-05-23 08:28:00
276,Device_275,door_sensor,0,2026-05-14 08:14:00,2026-05-14 08:19:00
277,Device_276,smart_light,0,2026-05-28 19:23:00,2026-05-28 19:28:00
278,Device_277,door_sensor,1,2026-05-06 18:13:00,2026-05-06 18:18:00
279,Device_278,door_sensor,1,2026-05-28 16:32:00,2026-05-28 16:37:00
280,Device_279,motion_sensor,0,2026-05-25 10:18:00,2026-05-25 10:23:00
281,Device_280,smart_light,1,2026-05-29 00:47:00,2026-05-29 00:52:00
282,Device_281,motion_sensor,1,2026-05-03 11:23:00,2026-05-03 11:28:00
283,Device_282,door_sensor,1,2026-05-14 19:09:00,2026-05-14 19:14:00
284,Device_283,door_sensor,1,2026-05-20 16:30:00,2026-05-20 16:35:00
285,Device_284,door_sensor,0,2026-05-22 17:48:00,2026-05-22 17:53:00
286,Device_285,door_sensor,1,2026-05-13 16:11:00,2026-05-13 16:16:00
287,Device_286,door_sensor,1,2026-05-15 07:25:00,2026-05-15 07:30:00
288,Device_287,smart_light,1,2026-05-08 01:05:00,2026-05-08 01:10:00
289,Device_288,smart_light,0,2026-05-14 16:26:00,2026-05-14 16:31:00
290,Device_289,motion_sensor,1,2026-05-01 16:04:00,2026-05-01 16:09:00
291,Device_290,smart_light,0,2026-05-13 17:24:00,2026-05-13 17:29:00
292,Device_291,door_sensor,1,2026-05-06 21:33:00,2026-05-06 21:38:00
293,Device_292,smart_light,1,2026-05-23 02:38:00,2026-05-23 02:43:00
294,Device_293,door_sensor,1,2026-05-06 19:03:00,2026-05-06 19:08:00
295,Device_294,smart_light,1,2026-05-08 08:02:00,2026-05-08 08:07:00
296,Device_295,smart_light,1,2026-05-07 20:05:00,2026-05-07 20:10:00
297,Device_296,smart_light,1,2026-05-09 02:54:00,2026-05-09 02:59:00
298,Device_297,smart_light,1,2026-05-25 22:39:00,2026-05-25 22:44:00
299,Device_298,motion_sensor,1,2026-05-13 10:02:00,2026-05-13 10:07:00
300,Device_299,door_sensor,0,2026-05-12 18:12:00,2026-05-12 18:17:00
301,Device_300,smart_light,1,2026-05-24 18:35:00,2026-05-24 18:40:00
302,Device_301,motion_sensor,1,2026-05-29 18:48:00,2026-05-29 18:53:00
303,Device_302,motion_sensor,1,2026-05-30 15:15:00,2026-05-30 15:20:00
304,Device_303,motion_sensor,1,2026-05-04 10:22:00,2026-05-04 10:27:00
305,Device_304,smart_light,1,2026-05-19 20:26:00,2026-05-19 20:31:00
306,Device_305,door_sensor,1,2026-05-02 01:09:00,2026-05-02 01:14:00
307,Device_306,smart_light,1,2026-05-19 20:52:00,2026-05-19 20:57:00
308,Device_307,smart_light,1,2026-05-15 19:27:00,2026-05-15 19:32:00
309,Device_308,motion_sensor,1,2026-05-23 10:36:00,2026-05-23 10:41:00
310,Device_309,smart_light,1,2026-05-13 18:35:00,2026-05-13 18:40:00
311,Device_310,smart_light,1,2026-05-24 22:33:00,2026-05-24 22:38:00
312,Device_311,door_sensor,0,2026-05-27 09:19:00,2026-05-27 09:24:00
313,Device_312,door_sensor,1,2026-05-01 09:34:00,2026-05-01 09:39:00
314,Device_313,door_sensor,1,2026-05-03 18:48:00,2026-05-03 18:53:00
315,Device_314,smart_light,1,2026-05-09 01:55:00,2026-05-09 02:00:00
316,Device_315,door_sensor,1,2026-05-25 09:48:00,2026-05-25 09:53:00
317,Device_316,door_sensor,1,2026-05-05 08:43:00,2026-05-05 08:48:00
318,Device_317,door_sensor,1,2026-05-15 19:00:00,2026-05-15 19:05:00
319,Device_318,motion_sensor,0,2026-05-05 13:14:00,2026-05-05 13:19:00
320,Device_319,smart_light,0,2026-05-27 04:59:00,2026-05-27 05:04:00
321,Device_320,door_sensor,1,2026-05-20 06:47:00,2026-05-20 06:52:00
322,Device_321,smart_light,0,2026-05-25 00:44:00,2026-05-25 00:49:00
323,Device_322,door_sensor,1,2026-05-11 06:44:00,2026-05-11 06:49:00
324,Device_323,motion_sensor,0,2026-05-30 12:39:00,2026-05-30 12:44:00
325,Device_324,smart_light,0,2026-05-21 01:55:00,2026-05-21 02:00:00
326,Device_325,motion_sensor,1,2026-05-15 16:16:00,2026-05-15 16:21:00
327,Device_326,motion_sensor,1,2026-05-11 10:04:00,2026-05-11 10:09:00
328,Device_327,smart_light,1,2026-05-15 18:34:00,2026-05-15 18:39:00
329,Device_328,door_sensor,1,2026-05-01 13:13:00,2026-05-01 13:18:00
330,Device_329,motion_sensor,1,2026-05-09 16:20:00,2026-05-09 16:25:00
331,Device_330,smart_light,0,2026-05-09 18:27:00,2026-05-09 18:32:00
332,Device_331,door_sensor,1,2026-05-13 06:25:00,2026-05-13 06:30:00
333,Device_332,door_sensor,1,2026-05-14 07:58:00,2026-05-14 08:03:00
334,Device_333,smart_light,1,2026-05-09 19:17:00,2026-05-09 19:22:00
335,Device_334,motion_sensor,0,2026-05-22 13:01:00,2026-05-22 13:06:00
336,Device_335,door_sensor,1,2026-05-07 16:09:00,2026-05-07 16:14:00
337,Device_336,door_sensor,1,2026-05-17 08:26:00,2026-05-17 08:31:00
338,Device_337,door_sensor,0,2026-05-03 08:02:00,2026-05-03 08:07:00
339,Device_338,smart_light,1,2026-05-21 02:20:00,2026-05-21 02:25:00
340,Device_339,smart_light,1,2026-05-25 22:06:00,2026-05-25 22:11:00
341,Device_340,door_sensor,1,2026-05-04 07:09:00,2026-05-04 07:14:00
342,Device_341,motion_sensor,1,2026-05-12 16:53:00,2026-05-12 16:58:00
343,Device_342,motion_sensor,1,2026-05-16 13:41:00,2026-05-16 13:46:00
344,Device_343,door_sensor,1,2026-05-19 09:09:00,2026-05-19 09:14:00
345,Device_344,door_sensor,0,2026-05-29 15:58:00,2026-05-29 16:03:00
346,Device_345,door_sensor,1,2026-05-28 09:29:00,2026-05-28 09:34:00
347,Device_346,smart_light,1,2026-05-13 19:58:00,2026-05-13 20:03:00
348,Device_347,smart_light,0,2026-05-12 01:04:00,2026-05-12 01:09:00
349,Device_348,motion_sensor,1,2026-05-17 13:36:00,2026-05-17 13:41:00
350,Device_349,door_sensor,1,2026-05-22 07:01:00,2026-05-22 07:06:00
351,Device_350,smart_light,1,2026-05-15 17:53:00,2026-05-15 17:58:00
352,Device_351,door_sensor,1,2026-05-28 18:03:00,2026-05-28 18:08:00
353,Device_352,smart_light,0,2026-05-25 01:36:00,2026-05-25 01:41:00
354,Device_353,door_sensor,1,2026-05-24 07:13:00,2026-05-24 07:18:00
355,Device_354,motion_sensor,1,2026-05-10 10:27:00,2026-05-10 10:32:00
356,Device_355,motion_sensor,1,2026-05-12 10:28:00,2026-05-12 10:33:00
357,Device_356,door_sensor,0,2026-05-05 18:09:00,2026-05-05 18:14:00
358,Device_357,motion_sensor,1,2026-05-09 12:08:00,2026-05-09 12:13:00
359,Device_358,door_sensor,1,2026-05-07 01:15:00,2026-05-07 01:20:00
360,Device_359,smart_light,1,2026-05-09 19:43:00,2026-05-09 19:48:00
361,Device_360,motion_sensor,1,2026-05-04 15:20:00,2026-05-04 15:25:00
362,Device_361,smart_light,1,2026-05-04 02:34:00,2026-05-04 02:39:00
363,Device_362,door_sensor,1,2026-05-01 06:53:00,2026-05-01 06:58:00
364,Device_363,smart_light,1,2026-05-28 00:56:00,2026-05-28 01:01:00
365,Device_364,door_sensor,1,2026-05-06 09:02:00,2026-05-06 09:07:00
366,Device_365,smart_light,1,2026-05-03 19:16:00,2026-05-03 19:21:00
367,Device_366,smart_light,1,2026-05-17 18:29:00,2026-05-17 18:34:00
368,Device_367,smart_light,0,2026-05-12 23:52:00,2026-05-12 23:57:00
369,Device_368,door_sensor,1,2026-05-23 16:10:00,2026-05-23 16:15:00
370,Device_369,smart_light,0,2026-05-16 01:06:00,2026-05-16 01:11:00
371,Device_370,motion_sensor,0,2026-05-19 16:34:00,2026-05-19 16:39:00
372,Device_371,smart_light,1,2026-05-01 21:51:00,2026-05-01 21:56:00
373,Device_372,smart_light,0,2026-05-07 21:26:00,2026-05-07 21:31:00
374,Device_373,door_sensor,1,2026-05-02 16:08:00,2026-05-02 16:13:00
375,Device_374,door_sensor,1,2026-05-21 17:56:00,2026-05-21 18:01:00
376,Device_375,motion_sensor,1,2026-05-20 09:17:00,2026-05-20 09:22:00
377,Device_376,smart_light,0,2026-05-22 20:37:00,2026-05-22 20:42:00
378,Device_377,motion_sensor,1,2026-05-12 14:41:00,2026-05-12 14:46:00
379,Device_378,door_sensor,1,2026-05-30 07:18:00,2026-05-30 07:23:00
380,Device_379,smart_light,1,2026-05-09 06:09:00,2026-05-09 06:14:00
381,Device_380,door_sensor,1,2026-05-18 08:08:00,2026-05-18 08:13:00
382,Device_381,smart_light,0,2026-05-22 02:27:00,2026-05-22 02:32:00
383,Device_382,motion_sensor,1,2026-05-29 15:46:00,2026-05-29 15:51:00
384,Device_383,motion_sensor,0,2026-05-21 11:28:00,2026-05-21 11:33:00
385,Device_384,door_sensor,1,2026-05-13 07:54:00,2026-05-13 07:59:00
386,Device_385,door_sensor,1,2026-05-28 18:00:00,2026-05-28 18:05:00
387,Device_386,door_sensor,1,2026-05-19 08:25:00,2026-05-19 08:30:00
388,Device_387,motion_sensor,1,2026-05-02 13:05:00,2026-05-02 13:10:00
389,Device_388,smart_light,1,2026-05-09 00:29:00,2026-05-09 00:34:00
390,Device_389,door_sensor,1,2026-05-07 06:10:00,2026-05-07 06:15:00
391,Device_390,door_sensor,1,2026-05-05 09:33:00,2026-05-05 09:38:00
392,Device_391,door_sensor,1,2026-05-18 09:31:00,2026-05-18 09:36:00
393,Device_392,motion_sensor,1,2026-05-27 14:22:00,2026-05-27 14:27:00
394,Device_393,smart_light,1,2026-05-30 23:49:00,2026-05-30 23:54:00
395,Device_394,smart_light,1,2026-05-23 14:52:00,2026-05-23 14:57:00
396,Device_395,motion_sensor,0,2026-05-18 13:39:00,2026-05-18 13:44:00
397,Device_396,door_sensor,1,2026-05-04 16:11:00,2026-05-04 16:16:00
398,Device_397,motion_sensor,1,2026-05-20 09:49:00,2026-05-20 09:54:00
399,Device_398,door_sensor,1,2026-05-28 01:12:00,2026-05-28 01:17:00
400,Device_399,motion_sensor,1,2026-05-10 09:15:00,2026-05-10 09:20:00
401,Device_400,smart_light,1,2026-05-09 17:35:00,2026-05-09 17:40:00
402,Device_401,door_sensor,1,2026-05-10 07:44:00,2026-05-10 07:49:00
403,Device_402,smart_light,1,2026-05-02 00:02:00,2026-05-02 00:07:00
404,Device_403,motion_sensor,1,2026-05-28 14:17:00,2026-05-28 14:22:00
405,Device_404,door_sensor,1,2026-05-05 11:02:00,2026-05-05 11:07:00
406,Device_405,door_sensor,1,2026-05-19 10:18:00,2026-05-19 10:23:00
407,Device_406,motion_sensor,1,2026-05-26 19:25:00,2026-05-26 19:30:00
408,Device_407,smart_light,1,2026-05-07 20:45:00,2026-05-07 20:50:00
409,Device_408,motion_sensor,1,2026-05-22 11:26:00,2026-05-22 11:31:00
410,Device_409,smart_light,1,2026-05-08 15:34:00,2026-05-08 15:39:00
411,Device_410,door_sensor,1,2026-05-17 06:30:00,2026-05-17 06:35:00
412,Device_411,smart_light,1,2026-05-26 20:49:00,2026-05-26 20:54:00
413,Device_412,smart_light,0,2026-05-27 18:34:00,2026-05-27 18:39:00
414,Device_413,smart_light,1,2026-05-16 22:26:00,2026-05-16 22:31:00
415,Device_414,smart_light,1,2026-05-23 02:03:00,2026-05-23 02:08:00
416,Device_415,door_sensor,1,2026-05-25 19:44:00,2026-05-25 19:49:00
417,Device_416,smart_light,0,2026-05-19 20:40:00,2026-05-19 20:45:00
418,Device_417,door_sensor,1,2026-05-30 19:49:00,2026-05-30 19:54:00
419,Device_418,motion_sensor,1,2026-05-21 09:07:00,2026-05-21 09:12:00
420,Device_419,smart_light,1,2026-05-14 21:01:00,2026-05-14 21:06:00
421,Device_420,motion_sensor,1,2026-05-25 21:16:00,2026-05-25 21:21:00
422,Device_421,door_sensor,0,2026-05-15 16:46:00,2026-05-15 16:51:00
423,Device_422,motion_sensor,1,2026-05-24 10:38:00,2026-05-24 10:43:00
424,Device_423,door_sensor,1,2026-05-24 16:57:00,2026-05-24 17:02:00
425,Device_424,motion_sensor,1,2026-05-07 14:38:00,2026-05-07 14:43:00
426,Device_425,motion_sensor,0,2026-05-10 09:52:00,2026-05-10 09:57:00
427,Device_426,door_sensor,1,2026-05-08 09:29:00,2026-05-08 09:34:00
428,Device_427,smart_light,1,2026-05-14 18:33:00,2026-05-14 18:38:00
429,Device_428,motion_sensor,1,2026-05-09 11:46:00,2026-05-09 11:51:00
430,Device_429,smart_light,0,2026-05-17 02:08:00,2026-05-17 02:13:00
431,Device_430,smart_light,1,2026-05-11 01:10:00,2026-05-11 01:15:00
432,Device_431,motion_sensor,1,2026-05-05 15:52:00,2026-05-05 15:57:00
433,Device_432,motion_sensor,1,2026-05-22 13:29:00,2026-05-22 13:34:00
434,Device_433,smart_light,0,2026-05-07 21:15:00,2026-05-07 21:20:00
435,Device_434,smart_light,0,2026-05-13 22:14:00,2026-05-13 22:19:00
436,Device_435,door_sensor,1,2026-05-03 18:18:00,2026-05-03 18:23:00
437,Device_436,door_sensor,1,2026-05-24 19:18:00,2026-05-24 19:23:00
438,Device_437,smart_light,0,2026-05-19 18:43:00,2026-05-19 18:48:00
439,Device_438,motion_sensor,1,2026-05-30 23:52:00,2026-05-30 23:57:00
440,Device_439,smart_light,1,2026-05-16 21:39:00,2026-05-16 21:44:00
441,Device_440,smart_light,1,2026-05-20 23:43:00,2026-05-20 23:48:00
442,Device_441,motion_sensor,1,2026-05-28 12:48:00,2026-05-28 12:53:00
443,Device_442,door_sensor,1,2026-05-16 06:41:00,2026-05-16 06:46:00
444,Device_443,motion_sensor,1,2026-05-11 15:33:00,2026-05-11 15:38:00
445,Device_444,door_sensor,0,2026-05-29 07:04:00,2026-05-29 07:09:00
446,Device_445,smart_light,1,2026-05-22 16:39:00,2026-05-22 16:44:00
447,Device_446,smart_light,1,2026-05-19 17:36:00,2026-05-19 17:41:00
448,Device_447,motion_sensor,1,2026-05-05 14:14:00,2026-05-05 14:19:00
449,Device_448,door_sensor,1,2026-05-06 16:20:00,2026-05-06 16:25:00
450,Device_449,smart_light,1,2026-05-24 23:51:00,2026-05-24 23:56:00
451,Device_450,smart_light,1,2026-05-28 01:51:00,2026-05-28 01:56:00
452,Device_451,motion_sensor,1,2026-05-30 12:18:00,2026-05-30 12:23:00
453,Device_452,smart_light,1,2026-05-28 22:08:00,2026-05-28 22:13:00
454,Device_453,smart_light,1,2026-05-06 22:38:00,2026-05-06 22:43:00
455,Device_454,door_sensor,0,2026-05-18 16:52:00,2026-05-18 16:57:00
456,Device_455,motion_sensor,1,2026-05-27 09:01:00,2026-05-27 09:06:00
457,Device_456,smart_light,1,2026-05-24 18:09:00,2026-05-24 18:14:00
458,Device_457,motion_sensor,1,2026-05-14 11:51:00,2026-05-14 11:56:00
459,Device_458,door_sensor,0,2026-05-23 07:20:00,2026-05-23 07:25:00
460,Device_459,door_sensor,1,2026-05-21 19:06:00,2026-05-21 19:11:00
461,Device_460,door_sensor,1,2026-05-10 17:51:00,2026-05-10 17:56:00
462,Device_461,motion_sensor,1,2026-05-29 14:28:00,2026-05-29 14:33:00
463,Device_462,smart_light,1,2026-05-02 01:00:00,2026-05-02 01:05:00
464,Device_463,smart_light,1,2026-05-05 21:56:00,2026-05-05 22:01:00
465,Device_464,smart_light,1,2026-05-16 01:45:00,2026-05-16 01:50:00
466,Device_465,door_sensor,0,2026-05-08 18:32:00,2026-05-08 18:37:00
467,Device_466,motion_sensor,1,2026-05-17 10:26:00,2026-05-17 10:31:00
468,Device_467,motion_sensor,1,2026-05-14 13:46:00,2026-05-14 13:51:00
469,Device_468,smart_light,1,2026-05-28 14:08:00,2026-05-28 14:13:00
470,Device_469,motion_sensor,1,2026-05-26 13:43:00,2026-05-26 13:48:00
471,Device_470,motion_sensor,1,2026-05-01 02:36:00,2026-05-01 02:41:00
472,Device_471,motion_sensor,1,2026-05-27 14:44:00,2026-05-27 14:49:00
473,Device_472,motion_sensor,0,2026-05-12 11:04:00,2026-05-12 11:09:00
474,Device_473,door_sensor,1,2026-05-09 09:41:00,2026-05-09 09:46:00
475,Device_474,motion_sensor,1,2026-05-28 16:14:00,2026-05-28 16:19:00
476,Device_475,smart_light,1,2026-05-03 18:21:00,2026-05-03 18:26:00
477,Device_476,smart_light,1,2026-05-23 00:02:00,2026-05-23 00:07:00
478,Device_477,door_sensor,0,2026-05-04 19:24:00,2026-05-04 19:29:00
479,Device_478,smart_light,0,2026-05-11 22:40:00,2026-05-11 22:45:00
480,Device_479,motion_sensor,1,2026-05-21 16:15:00,2026-05-21 16:20:00
481,Device_480,smart_light,1,2026-05-27 18:49:00,2026-05-27 18:54:00
482,Device_481,motion_sensor,1,2026-05-25 13:14:00,2026-05-25 13:19:00
483,Device_482,smart_light,1,2026-05-28 04:23:00,2026-05-28 04:28:00
484,Device_483,door_sensor,0,2026-05-28 09:38:00,2026-05-28 09:43:00
485,Device_484,door_sensor,1,2026-05-09 08:15:00,2026-05-09 08:20:00
486,Device_485,smart_light,1,2026-05-26 22:42:00,2026-05-26 22:47:00
487,Device_486,door_sensor,0,2026-05-21 09:29:00,2026-05-21 09:34:00
488,Device_487,smart_light,0,2026-05-11 01:51:00,2026-05-11 01:56:00
489,Device_488,motion_sensor,1,2026-05-12 16:05:00,2026-05-12 16:10:00
490,Device_489,smart_light,0,2026-05-03 15:34:00,2026-05-03 15:39:00
491,Device_490,motion_sensor,1,2026-05-01 15:02:00,2026-05-01 15:07:00
492,Device_491,motion_sensor,1,2026-05-25 02:41:00,2026-05-25 02:46:00
493,Device_492,smart_light,1,2026-05-20 20:08:00,2026-05-20 20:13:00
494,Device_493,door_sensor,0,2026-05-15 18:12:00,2026-05-15 18:17:00
495,Device_494,motion_sensor,0,2026-05-27 09:21:00,2026-05-27 09:26:00
496,Device_495,smart_light,1,2026-05-21 00:02:00,2026-05-21 00:07:00
497,Device_496,smart_light,1,2026-05-27 19:14:00,2026-05-27 19:19:00
498,Device_497,door_sensor,0,2026-05-06 06:17:00,2026-05-06 06:22:00
499,Device_498,smart_light,1,2026-05-10 01:13:00,2026-05-10 01:18:00
500,Device_499,door_sensor,1,2026-05-09 06:53:00,2026-05-09 06:58:00
501,Device_500,motion_sensor,1,2026-05-14 09:50:00,2026-05-14 09:55:00
502,Device_501,smart_light,0,2026-05-30 21:03:00,2026-05-30 21:08:00
503,Device_502,door_sensor,1,2026-05-21 19:29:00,2026-05-21 19:34:00
504,Device_503,door_sensor,1,2026-05-27 07:58:00,2026-05-27 08:03:00
505,Device_504,smart_light,1,2026-05-24 01:49:00,2026-05-24 01:54:00
506,Device_505,door_sensor,0,2026-05-03 17:05:00,2026-05-03 17:10:00
507,Device_506,smart_light,1,2026-05-16 18:14:00,2026-05-16 18:19:00
508,Device_507,door_sensor,1,2026-05-09 08:03:00,2026-05-09 08:08:00
509,Device_508,motion_sensor,0,2026-05-23 00:41:00,2026-05-23 00:46:00
510,Device_509,smart_light,0,2026-05-22 01:34:00,2026-05-22 01:39:00
511,Device_510,door_sensor,1,2026-05-19 07:58:00,2026-05-19 08:03:00
512,Device_511,motion_sensor,1,2026-05-13 02:57:00,2026-05-13 03:02:00
513,Device_512,smart_light,1,2026-05-09 17:55:00,2026-05-09 18:00:00
514,Device_513,motion_sensor,1,2026-05-12 17:00:00,2026-05-12 17:05:00
515,Device_514,smart_light,1,2026-05-25 00:23:00,2026-05-25 00:28:00
516,Device_515,door_sensor,1,2026-05-16 06:39:00,2026-05-16 06:44:00
517,Device_516,door_sensor,1,2026-05-17 16:02:00,2026-05-17 16:07:00
518,Device_517,motion_sensor,1,2026-05-17 06:36:00,2026-05-17 06:41:00
519,Device_518,motion_sensor,1,2026-05-05 14:43:00,2026-05-05 14:48:00
520,Device_519,door_sensor,1,2026-05-23 18:35:00,2026-05-23 18:40:00
521,Device_520,motion_sensor,0,2026-05-11 13:07:00,2026-05-11 13:12:00
522,Device_521,motion_sensor,1,2026-05-19 14:06:00,2026-05-19 14:11:00
523,Device_522,door_sensor,1,2026-05-01 16:39:00,2026-05-01 16:44:00
524,Device_523,smart_light,1,2026-05-25 23:21:00,2026-05-25 23:26:00
525,Device_524,smart_light,1,2026-05-17 23:41:00,2026-05-17 23:46:00
526,Device_525,smart_light,1,2026-05-18 00:31:00,2026-05-18 00:36:00
527,Device_526,motion_sensor,1,2026-05-01 15:06:00,2026-05-01 15:11:00
528,Device_527,smart_light,1,2026-05-29 19:35:00,2026-05-29 19:40:00
529,Device_528,smart_light,1,2026-05-14 18:12:00,2026-05-14 18:17:00
530,Device_529,motion_sensor,1,2026-05-20 06:00:00,2026-05-20 06:05:00
531,Device_530,motion_sensor,0,2026-05-16 13:24:00,2026-05-16 13:29:00
532,Device_531,smart_light,1,2026-05-11 16:55:00,2026-05-11 17:00:00
533,Device_532,motion_sensor,1,2026-05-30 13:43:00,2026-05-30 13:48:00
534,Device_533,motion_sensor,1,2026-05-06 15:22:00,2026-05-06 15:27:00
535,Device_534,door_sensor,1,2026-05-13 17:49:00,2026-05-13 17:54:00
536,Device_535,door_sensor,1,2026-05-12 16:28:00,2026-05-12 16:33:00
537,Device_536,motion_sensor,1,2026-05-23 11:34:00,2026-05-23 11:39:00
538,Device_537,motion_sensor,1,2026-05-01 21:18:00,2026-05-01 21:23:00
539,Device_538,motion_sensor,1,2026-05-04 10:31:00,2026-05-04 10:36:00
540,Device_539,door_sensor,1,2026-05-10 06:54:00,2026-05-10 06:59:00
541,Device_540,smart_light,0,2026-05-30 19:05:00,2026-05-30 19:10:00
542,Device_541,door_sensor,1,2026-05-02 06:42:00,2026-05-02 06:47:00
543,Device_542,smart_light,0,2026-05-05 16:24:00,2026-05-05 16:29:00
544,Device_543,motion_sensor,1,2026-05-27 11:40:00,2026-05-27 11:45:00
545,Device_544,smart_light,1,2026-05-29 02:09:00,2026-05-29 02:14:00
546,Device_545,door_sensor,1,2026-05-05 04:29:00,2026-05-05 04:34:00
547,Device_546,motion_sensor,1,2026-05-17 14:23:00,2026-05-17 14:28:00
548,Device_547,door_sensor,1,2026-05-13 08:26:00,2026-05-13 08:31:00
549,Device_548,smart_light,1,2026-05-13 20:28:00,2026-05-13 20:33:00
550,Device_549,door_sensor,1,2026-05-03 17:36:00,2026-05-03 17:41:00
551,Device_550,smart_light,1,2026-05-12 19:15:00,2026-05-12 19:20:00
552,Device_551,motion_sensor,0,2026-05-24 15:29:00,2026-05-24 15:34:00
553,Device_552,door_sensor,1,2026-05-29 18:11:00,2026-05-29 18:16:00
554,Device_553,motion_sensor,1,2026-05-24 12:52:00,2026-05-24 12:57:00
555,Device_554,motion_sensor,0,2026-05-05 13:11:00,2026-05-05 13:16:00
556,Device_555,door_sensor,0,2026-05-27 09:47:00,2026-05-27 09:52:00
557,Device_556,smart_light,1,2026-05-21 22:48:00,2026-05-21 22:53:00
558,Device_557,motion_sensor,1,2026-05-09 16:40:00,2026-05-09 16:45:00
559,Device_558,smart_light,1,2026-05-12 18:38:00,2026-05-12 18:43:00
560,Device_559,smart_light,1,2026-05-01 23:18:00,2026-05-01 23:23:00
561,Device_560,motion_sensor,1,2026-05-19 15:44:00,2026-05-19 15:49:00
562,Device_561,door_sensor,1,2026-05-28 08:45:00,2026-05-28 08:50:00
563,Device_562,motion_sensor,1,2026-05-03 15:42:00,2026-05-03 15:47:00
564,Device_563,motion_sensor,1,2026-05-17 12:27:00,2026-05-17 12:32:00
565,Device_564,motion_sensor,1,2026-05-13 15:41:00,2026-05-13 15:46:00
566,Device_565,smart_light,1,2026-05-11 20:57:00,2026-05-11 21:02:00
567,Device_566,smart_light,1,2026-05-02 20:35:00,2026-05-02 20:40:00
568,Device_567,motion_sensor,1,2026-05-03 16:13:00,2026-05-03 16:18:00
569,Device_568,smart_light,0,2026-05-30 00:01:00,2026-05-30 00:06:00
570,Device_569,motion_sensor,1,2026-05-15 09:31:00,2026-05-15 09:36:00
571,Device_570,door_sensor,1,2026-05-09 18:55:00,2026-05-09 19:00:00
572,Device_571,motion_sensor,1,2026-05-14 22:08:00,2026-05-14 22:13:00
573,Device_572,smart_light,1,2026-05-14 22:54:00,2026-05-14 22:59:00
574,Device_573,door_sensor,0,2026-05-19 16:53:00,2026-05-19 16:58:00
575,Device_574,smart_light,1,2026-05-28 22:10:00,2026-05-28 22:15:00
576,Device_575,smart_light,1,2026-05-28 12:28:00,2026-05-28 12:33:00
577,Device_576,motion_sensor,1,2026-05-30 11:49:00,2026-05-30 11:54:00
578,Device_577,motion_sensor,1,2026-05-01 14:11:00,2026-05-01 14:16:00
579,Device_578,door_sensor,1,2026-05-21 17:13:00,2026-05-21 17:18:00
580,Device_579,door_sensor,1,2026-05-30 16:04:00,2026-05-30 16:09:00
581,Device_580,smart_light,0,2026-05-18 20:08:00,2026-05-18 20:13:00
582,Device_581,smart_light,1,2026-05-30 19:58:00,2026-05-30 20:03:00
583,Device_582,door_sensor,1,2026-05-23 08:25:00,2026-05-23 08:30:00
584,Device_583,smart_light,1,2026-05-09 01:06:00,2026-05-09 01:11:00
585,Device_584,door_sensor,1,2026-05-26 16:12:00,2026-05-26 16:17:00
586,Device_585,smart_light,1,2026-05-08 22:35:00,2026-05-08 22:40:00
587,Device_586,smart_light,0,2026-05-28 21:05:00,2026-05-28 21:10:00
588,Device_587,door_sensor,1,2026-05-12 07:58:00,2026-05-12 08:03:00
589,Device_588,smart_light,1,2026-05-16 19:50:00,2026-05-16 19:55:00
590,Device_589,motion_sensor,1,2026-05-01 22:54:00,2026-05-01 22:59:00
591,Device_590,motion_sensor,0,2026-05-23 09:15:00,2026-05-23 09:20:00
592,Device_591,door_sensor,1,2026-05-12 08:05:00,2026-05-12 08:10:00
593,Device_592,door_sensor,1,2026-05-21 09:14:00,2026-05-21 09:19:00
594,Device_593,motion_sensor,0,2026-05-05 11:48:00,2026-05-05 11:53:00
595,Device_594,motion_sensor,1,2026-05-16 12:12:00,2026-05-16 12:17:00
596,Device_595,smart_light,0,2026-05-09 19:07:00,2026-05-09 19:12:00
597,Device_596,smart_light,1,2026-05-16 21:03:00,2026-05-16 21:08:00
598,Device_597,door_sensor,1,2026-05-01 17:30:00,2026-05-01 17:35:00
599,Device_598,door_sensor,1,2026-05-24 18:02:00,2026-05-24 18:07:00
600,Device_599,motion_sensor,1,2026-05-12 12:38:00,2026-05-12 12:43:00
601,Device_600,door_sensor,0,2026-05-04 09:15:00,2026-05-04 09:20:00
602,Device_601,motion_sensor,1,2026-05-22 11:04:00,2026-05-22 11:09:00
603,Device_602,door_sensor,0,2026-05-05 09:32:00,2026-05-05 09:37:00
604,Device_603,smart_light,1,2026-05-03 22:19:00,2026-05-03 22:24:00
605,Device_604,motion_sensor,1,2026-05-20 15:18:00,2026-05-20 15:23:00
606,Device_605,door_sensor,0,2026-05-26 08:32:00,2026-05-26 08:37:00
607,Device_606,door_sensor,1,2026-05-17 09:34:00,2026-05-17 09:39:00
608,Device_607,smart_light,1,2026-05-02 14:31:00,2026-05-02 14:36:00
609,Device_608,smart_light,1,2026-05-23 20:52:00,2026-05-23 20:57:00
610,Device_609,motion_sensor,1,2026-05-16 12:37:00,2026-05-16 12:42:00
611,Device_610,door_sensor,1,2026-05-19 09:03:00,2026-05-19 09:08:00
612,Device_611,motion_sensor,1,2026-05-08 16:39:00,2026-05-08 16:44:00
613,Device_612,smart_light,1,2026-05-29 20:28:00,2026-05-29 20:33:00
614,Device_613,smart_light,1,2026-05-08 23:03:00,2026-05-08 23:08:00
615,Device_614,motion_sensor,1,2026-05-11 13:09:00,2026-05-11 13:14:00
616,Device_615,smart_light,1,2026-05-07 01:36:00,2026-05-07 01:41:00
617,Device_616,door_sensor,1,2026-05-19 07:05:00,2026-05-19 07:10:00
618,Device_617,door_sensor,1,2026-05-28 16:05:00,2026-05-28 16:10:00
619,Device_618,motion_sensor,1,2026-05-24 09:48:00,2026-05-24 09:53:00
620,Device_619,door_sensor,0,2026-05-17 13:44:00,2026-05-17 13:49:00
621,Device_620,door_sensor,1,2026-05-22 09:27:00,2026-05-22 09:32:00
622,Device_621,smart_light,1,2026-05-29 22:52:00,2026-05-29 22:57:00
623,Device_622,door_sensor,1,2026-05-30 05:12:00,2026-05-30 05:17:00
624,Device_623,smart_light,1,2026-05-03 02:24:00,2026-05-03 02:29:00
625,Device_624,smart_light,0,2026-05-01 00:11:00,2026-05-01 00:16:00
626,Device_625,motion_sensor,1,2026-05-12 13:00:00,2026-05-12 13:05:00
627,Device_626,door_sensor,1,2026-05-24 19:53:00,2026-05-24 19:58:00
628,Device_627,smart_light,1,2026-05-18 01:13:00,2026-05-18 01:18:00
629,Device_628,motion_sensor,0,2026-05-06 14:58:00,2026-05-06 15:03:00
630,Device_629,motion_sensor,1,2026-05-11 13:37:00,2026-05-11 13:42:00
631,Device_630,door_sensor,1,2026-05-13 19:36:00,2026-05-13 19:41:00
632,Device_631,smart_light,1,2026-05-07 20:11:00,2026-05-07 20:16:00
633,Device_632,motion_sensor,1,2026-05-22 12:38:00,2026-05-22 12:43:00
634,Device_633,door_sensor,1,2026-05-28 04:36:00,2026-05-28 04:41:00
635,Device_634,motion_sensor,1,2026-05-02 09:49:00,2026-05-02 09:54:00
636,Device_635,motion_sensor,0,2026-05-03 14:38:00,2026-05-03 14:43:00
637,Device_636,door_sensor,0,2026-05-23 08:21:00,2026-05-23 08:26:00
638,Device_637,smart_light,1,2026-05-07 19:43:00,2026-05-07 19:48:00
639,Device_638,motion_sensor,0,2026-05-07 02:21:00,2026-05-07 02:26:00
640,Device_639,smart_light,1,2026-05-20 17:47:00,2026-05-20 17:52:00
641,Device_640,motion_sensor,1,2026-05-26 10:20:00,2026-05-26 10:25:00
642,Device_641,door_sensor,1,2026-05-09 09:35:00,2026-05-09 09:40:00
643,Device_642,door_sensor,0,2026-05-24 07:39:00,2026-05-24 07:44:00
644,Device_643,door_sensor,1,2026-05-24 16:45:00,2026-05-24 16:50:00
645,Device_644,door_sensor,1,2026-05-13 08:54:00,2026-05-13 08:59:00
646,Device_645,motion_sensor,1,2026-05-05 15:15:00,2026-05-05 15:20:00
647,Device_646,smart_light,1,2026-05-18 20:46:00,2026-05-18 20:51:00
648,Device_647,door_sensor,1,2026-05-16 16:33:00,2026-05-16 16:38:00
649,Device_648,smart_light,1,2026-05-03 01:31:00,2026-05-03 01:36:00
650,Device_649,door_sensor,0,2026-05-04 07:28:00,2026-05-04 07:33:00
651,Device_650,door_sensor,1,2026-05-02 19:51:00,2026-05-02 19:56:00
652,Device_651,door_sensor,1,2026-05-05 19:25:00,2026-05-05 19:30:00
653,Device_652,smart_light,0,2026-05-25 21:54:00,2026-05-25 21:59:00
654,Device_653,smart_light,1,2026-05-07 09:32:00,2026-05-07 09:37:00
655,Device_654,door_sensor,1,2026-05-22 16:41:00,2026-05-22 16:46:00
656,Device_655,smart_light,1,2026-05-05 19:07:00,2026-05-05 19:12:00
657,Device_656,motion_sensor,1,2026-05-25 10:42:00,2026-05-25 10:47:00
658,Device_657,motion_sensor,1,2026-05-27 11:41:00,2026-05-27 11:46:00
659,Device_658,smart_light,1,2026-05-21 20:48:00,2026-05-21 20:53:00
660,Device_659,door_sensor,0,2026-05-10 19:04:00,2026-05-10 19:09:00
661,Device_660,motion_sensor,1,2026-05-11 10:26:00,2026-05-11 10:31:00
662,Device_661,smart_light,1,2026-05-20 22:41:00,2026-05-20 22:46:00
663,Device_662,door_sensor,0,2026-05-01 08:19:00,2026-05-01 08:24:00
664,Device_663,motion_sensor,1,2026-05-02 12:34:00,2026-05-02 12:39:00
665,Device_664,motion_sensor,1,2026-05-23 05:52:00,2026-05-23 05:57:00
666,Device_665,motion_sensor,1,2026-05-27 13:35:00,2026-05-27 13:40:00
667,Device_666,door_sensor,1,2026-05-20 06:47:00,2026-05-20 06:52:00
668,Device_667,motion_sensor,1,2026-05-15 09:39:00,2026-05-15 09:44:00
669,Device_668,motion_sensor,1,2026-05-15 16:30:00,2026-05-15 16:35:00
670,Device_669,smart_light,0,2026-05-14 19:52:00,2026-05-14 19:57:00
671,Device_670,door_sensor,0,2026-05-24 17:53:00,2026-05-24 17:58:00
672,Device_671,door_sensor,1,2026-05-08 08:13:00,2026-05-08 08:18:00
673,Device_672,door_sensor,1,2026-05-08 06:07:00,2026-05-08 06:12:00
674,Device_673,smart_light,1,2026-05-11 19:04:00,2026-05-11 19:09:00
675,Device_674,door_sensor,1,2026-05-02 09:50:00,2026-05-02 09:55:00
676,Device_675,smart_light,0,2026-05-14 19:50:00,2026-05-14 19:55:00
677,Device_676,motion_sensor,1,2026-05-19 11:12:00,2026-05-19 11:17:00
678,Device_677,door_sensor,1,2026-05-27 20:06:00,2026-05-27 20:11:00
679,Device_678,door_sensor,1,2026-05-14 16:59:00,2026-05-14 17:04:00
680,Device_679,smart_light,1,2026-05-16 00:35:00,2026-05-16 00:40:00
681,Device_680,motion_sensor,0,2026-05-15 14:33:00,2026-05-15 14:38:00
682,Device_681,door_sensor,1,2026-05-23 16:08:00,2026-05-23 16:13:00
683,Device_682,motion_sensor,1,2026-05-20 11:23:00,2026-05-20 11:28:00
684,Device_683,smart_light,0,2026-05-30 02:23:00,2026-05-30 02:28:00
685,Device_684,smart_light,1,2026-05-09 03:59:00,2026-05-09 04:04:00
686,Device_685,smart_light,1,2026-05-17 02:06:00,2026-05-17 02:11:00
687,Device_686,motion_sensor,1,2026-05-03 11:10:00,2026-05-03 11:15:00
688,Device_687,smart_light,1,2026-05-11 00:49:00,2026-05-11 00:54:00
689,Device_688,motion_sensor,0,2026-05-09 05:48:00,2026-05-09 05:53:00
690,Device_689,motion_sensor,1,2026-05-02 01:16:00,2026-05-02 01:21:00
691,Device_690,motion_sensor,1,2026-05-01 14:26:00,2026-05-01 14:31:00
692,Device_691,smart_light,1,2026-05-02 01:23:00,2026-05-02 01:28:00
693,Device_692,door_sensor,1,2026-05-27 09:16:00,2026-05-27 09:21:00
694,Device_693,motion_sensor,1,2026-05-02 23:24:00,2026-05-02 23:29:00
695,Device_694,door_sensor,0,2026-05-04 16:01:00,2026-05-04 16:06:00
696,Device_695,door_sensor,1,2026-05-04 06:03:00,2026-05-04 06:08:00
697,Device_696,door_sensor,1,2026-05-16 17:32:00,2026-05-16 17:37:00
698,Device_697,door_sensor,1,2026-05-20 21:53:00,2026-05-20 21:58:00
699,Device_698,door_sensor,1,2026-05-04 18:23:00,2026-05-04 18:28:00
700,Device_699,motion_sensor,1,2026-05-28 09:11:00,2026-05-28 09:16:00
701,Device_700,motion_sensor,1,2026-05-13 09:34:00,2026-05-13 09:39:00
702,Device_701,motion_sensor,0,2026-05-20 09:41:00,2026-05-20 09:46:00
703,Device_702,motion_sensor,1,2026-05-16 09:28:00,2026-05-16 09:33:00
704,Device_703,motion_sensor,1,2026-05-01 13:05:00,2026-05-01 13:10:00
705,Device_704,smart_light,1,2026-05-19 23:30:00,2026-05-19 23:35:00
706,Device_705,motion_sensor,1,2026-05-10 15:32:00,2026-05-10 15:37:00
707,Device_706,door_sensor,1,2026-05-19 18:40:00,2026-05-19 18:45:00
708,Device_707,smart_light,1,2026-05-25 17:33:00,2026-05-25 17:38:00
709,Device_708,door_sensor,1,2026-05-09 09:12:00,2026-05-09 09:17:00
710,Device_709,motion_sensor,1,2026-05-27 13:54:00,2026-05-27 13:59:00
711,Device_710,smart_light,1,2026-05-11 02:31:00,2026-05-11 02:36:00
712,Device_711,motion_sensor,1,2026-05-11 12:52:00,2026-05-11 12:57:00
713,Device_712,door_sensor,1,2026-05-29 16:37:00,2026-05-29 16:42:00
714,Device_713,smart_light,0,2026-05-22 23:57:00,2026-05-23 00:02:00
715,Device_714,smart_light,1,2026-05-06 22:15:00,2026-05-06 22:20:00
716,Device_715,door_sensor,1,2026-05-18 16:01:00,2026-05-18 16:06:00
717,Device_716,motion_sensor,1,2026-05-04 12:59:00,2026-05-04 13:04:00
718,Device_717,door_sensor,1,2026-05-10 09:17:00,2026-05-10 09:22:00
719,Device_718,door_sensor,0,2026-05-24 16:19:00,2026-05-24 16:24:00
720,Device_719,door_sensor,1,2026-05-05 18:30:00,2026-05-05 18:35:00
721,Device_720,smart_light,1,2026-05-16 02:27:00,2026-05-16 02:32:00
722,Device_721,door_sensor,0,2026-05-13 16:29:00,2026-05-13 16:34:00
723,Device_722,motion_sensor,1,2026-05-23 14:11:00,2026-05-23 14:16:00
724,Device_723,motion_sensor,1,2026-05-22 16:03:00,2026-05-22 16:08:00
725,Device_724,door_sensor,0,2026-05-14 18:46:00,2026-05-14 18:51:00
726,Device_725,motion_sensor,1,2026-05-21 15:56:00,2026-05-21 16:01:00
727,Device_726,door_sensor,1,2026-05-22 17:27:00,2026-05-22 17:32:00
728,Device_727,smart_light,1,2026-05-19 17:08:00,2026-05-19 17:13:00
729,Device_728,smart_light,1,2026-05-02 02:03:00,2026-05-02 02:08:00
730,Device_729,smart_light,1,2026-05-22 21:09:00,2026-05-22 21:14:00
731,Device_730,smart_light,1,2026-05-15 00:27:00,2026-05-15 00:32:00
732,Device_731,smart_light,1,2026-05-15 17:36:00,2026-05-15 17:41:00
733,Device_732,door_sensor,1,2026-05-22 15:55:00,2026-05-22 16:00:00
734,Device_733,smart_light,1,2026-05-07 17:18:00,2026-05-07 17:23:00
735,Device_734,smart_light,1,2026-05-17 16:57:00,2026-05-17 17:02:00
736,Device_735,motion_sensor,1,2026-05-17 10:11:00,2026-05-17 10:16:00
737,Device_736,motion_sensor,1,2026-05-29 09:47:00,2026-05-29 09:52:00
738,Device_737,motion_sensor,1,2026-05-22 16:22:00,2026-05-22 16:27:00
739,Device_738,door_sensor,1,2026-05-22 19:10:00,2026-05-22 19:15:00
740,Device_739,door_sensor,1,2026-05-14 21:23:00,2026-05-14 21:28:00
741,Device_740,motion_sensor,1,2026-05-03 11:05:00,2026-05-03 11:10:00
742,Device_741,door_sensor,1,2026-05-19 17:42:00,2026-05-19 17:47:00
743,Device_742,smart_light,1,2026-05-25 00:34:00,2026-05-25 00:39:00
744,Device_743,motion_sensor,1,2026-05-18 11:56:00,2026-05-18 12:01:00
745,Device_744,door_sensor,1,2026-05-29 16:53:00,2026-05-29 16:58:00
746,Device_745,smart_light,1,2026-05-08 19:53:00,2026-05-08 19:58:00
747,Device_746,motion_sensor,1,2026-05-11 14:52:00,2026-05-11 14:57:00
748,Device_747,motion_sensor,1,2026-05-02 11:43:00,2026-05-02 11:48:00
749,Device_748,door_sensor,0,2026-05-24 09:09:00,2026-05-24 09:14:00
750,Device_749,door_sensor,1,2026-05-05 09:42:00,2026-05-05 09:47:00
751,Device_750,door_sensor,1,2026-05-17 17:29:00,2026-05-17 17:34:00
752,Device_751,door_sensor,1,2026-05-07 08:22:00,2026-05-07 08:27:00
753,Device_752,door_sensor,1,2026-05-17 18:10:00,2026-05-17 18:15:00
754,Device_753,motion_sensor,1,2026-05-04 15:36:00,2026-05-04 15:41:00
755,Device_754,door_sensor,0,2026-05-10 16:07:00,2026-05-10 16:12:00
756,Device_755,motion_sensor,1,2026-05-25 14:34:00,2026-05-25 14:39:00
757,Device_756,door_sensor,1,2026-05-10 08:38:00,2026-05-10 08:43:00
758,Device_757,motion_sensor,1,2026-05-18 15:06:00,2026-05-18 15:11:00
759,Device_758,motion_sensor,1,2026-05-17 10:32:00,2026-05-17 10:37:00
760,Device_759,door_sensor,1,2026-05-29 17:55:00,2026-05-29 18:00:00
761,Device_760,smart_light,1,2026-05-04 21:01:00,2026-05-04 21:06:00
762,Device_761,smart_light,1,2026-05-04 02:26:00,2026-05-04 02:31:00
763,Device_762,motion_sensor,0,2026-05-05 15:14:00,2026-05-05 15:19:00
764,Device_763,door_sensor,1,2026-05-22 09:00:00,2026-05-22 09:05:00
765,Device_764,door_sensor,1,2026-05-28 16:50:00,2026-05-28 16:55:00
766,Device_765,smart_light,1,2026-05-14 18:53:00,2026-05-14 18:58:00
767,Device_766,motion_sensor,1,2026-05-18 12:56:00,2026-05-18 13:01:00
768,Device_767,motion_sensor,0,2026-05-16 09:21:00,2026-05-16 09:26:00
769,Device_768,motion_sensor,1,2026-05-10 12:57:00,2026-05-10 13:02:00
770,Device_769,door_sensor,0,2026-05-29 08:07:00,2026-05-29 08:12:00
771,Device_770,door_sensor,1,2026-05-11 20:24:00,2026-05-11 20:29:00
772,Device_771,motion_sensor,1,2026-05-06 12:25:00,2026-05-06 12:30:00
773,Device_772,smart_light,1,2026-05-23 00:09:00,2026-05-23 00:14:00
774,Device_773,motion_sensor,1,2026-05-21 10:04:00,2026-05-21 10:09:00
775,Device_774,motion_sensor,1,2026-05-10 18:37:00,2026-05-10 18:42:00
776,Device_775,door_sensor,1,2026-05-11 09:40:00,2026-05-11 09:45:00
777,Device_776,smart_light,1,2026-05-05 23:45:00,2026-05-05 23:50:00
778,Device_777,door_sensor,1,2026-05-10 09:14:00,2026-05-10 09:19:00
779,Device_778,smart_light,1,2026-05-29 01:12:00,2026-05-29 01:17:00
780,Device_779,motion_sensor,0,2026-05-11 15:15:00,2026-05-11 15:20:00
781,Device_780,door_sensor,1,2026-05-09 18:48:00,2026-05-09 18:53:00
782,Device_781,smart_light,1,2026-05-04 21:55:00,2026-05-04 22:00:00
783,Device_782,motion_sensor,1,2026-05-15 16:11:00,2026-05-15 16:16:00
784,Device_783,door_sensor,0,2026-05-16 17:27:00,2026-05-16 17:32:00
785,Device_784,motion_sensor,1,2026-05-22 11:14:00,2026-05-22 11:19:00
786,Device_785,smart_light,1,2026-05-30 22:07:00,2026-05-30 22:12:00
787,Device_786,door_sensor,1,2026-05-04 07:48:00,2026-05-04 07:53:00
788,Device_787,smart_light,0,2026-05-08 10:23:00,2026-05-08 10:28:00
789,Device_788,smart_light,1,2026-05-16 17:40:00,2026-05-16 17:45:00
790,Device_789,smart_light,1,2026-05-24 23:42:00,2026-05-24 23:47:00
791,Device_790,motion_sensor,1,2026-05-09 13:29:00,2026-05-09 13:34:00
792,Device_791,motion_sensor,1,2026-05-23 12:51:00,2026-05-23 12:56:00
793,Device_792,motion_sensor,0,2026-05-28 15:33:00,2026-05-28 15:38:00
794,Device_793,door_sensor,1,2026-05-10 18:24:00,2026-05-10 18:29:00
795,Device_794,door_sensor,1,2026-05-07 08:38:00,2026-05-07 08:43:00
796,Device_795,smart_light,0,2026-05-24 18:04:00,2026-05-24 18:09:00
797,Device_796,motion_sensor,1,2026-05-25 13:34:00,2026-05-25 13:39:00
798,Device_797,motion_sensor,1,2026-05-29 16:24:00,2026-05-29 16:29:00
799,Device_798,smart_light,1,2026-05-13 23:26:00,2026-05-13 23:31:00
800,Device_799,door_sensor,0,2026-05-06 07:18:00,2026-05-06 07:23:00
801,Device_800,motion_sensor,1,2026-05-11 01:22:00,2026-05-11 01:27:00
802,Device_801,smart_light,1,2026-05-14 21:18:00,2026-05-14 21:23:00
803,Device_802,motion_sensor,1,2026-05-17 11:55:00,2026-05-17 12:00:00
804,Device_803,motion_sensor,1,2026-05-10 15:47:00,2026-05-10 15:52:00
805,Device_804,smart_light,1,2026-05-18 01:45:00,2026-05-18 01:50:00
806,Device_805,door_sensor,0,2026-05-23 18:33:00,2026-05-23 18:38:00
807,Device_806,door_sensor,1,2026-05-26 06:21:00,2026-05-26 06:26:00
808,Device_807,door_sensor,1,2026-05-12 07:38:00,2026-05-12 07:43:00
809,Device_808,smart_light,0,2026-05-16 19:12:00,2026-05-16 19:17:00
810,Device_809,motion_sensor,1,2026-05-30 15:34:00,2026-05-30 15:39:00
811,Device_810,door_sensor,0,2026-05-19 16:07:00,2026-05-19 16:12:00
812,Device_811,door_sensor,1,2026-05-04 09:54:00,2026-05-04 09:59:00
813,Device_812,motion_sensor,1,2026-05-06 16:32:00,2026-05-06 16:37:00
814,Device_813,door_sensor,1,2026-05-22 17:28:00,2026-05-22 17:33:00
815,Device_814,smart_light,1,2026-05-25 22:00:00,2026-05-25 22:05:00
816,Device_815,smart_light,1,2026-05-12 19:43:00,2026-05-12 19:48:00
817,Device_816,motion_sensor,1,2026-05-20 15:19:00,2026-05-20 15:24:00
818,Device_817,motion_sensor,1,2026-05-20 09:33:00,2026-05-20 09:38:00
819,Device_818,motion_sensor,1,2026-05-10 14:44:00,2026-05-10 14:49:00
820,Device_819,door_sensor,1,2026-05-04 09:27:00,2026-05-04 09:32:00
821,Device_820,door_sensor,1,2026-05-08 18:44:00,2026-05-08 18:49:00
822,Device_821,motion_sensor,1,2026-05-27 13:20:00,2026-05-27 13:25:00
823,Device_822,motion_sensor,0,2026-05-28 11:19:00,2026-05-28 11:24:00
824,Device_823,door_sensor,1,2026-05-17 19:24:00,2026-05-17 19:29:00
825,Device_824,motion_sensor,1,2026-05-30 13:12:00,2026-05-30 13:17:00
826,Device_825,door_sensor,0,2026-05-17 20:34:00,2026-05-17 20:39:00
827,Device_826,motion_sensor,1,2026-05-12 12:25:00,2026-05-12 12:30:00
828,Device_827,door_sensor,1,2026-05-25 18:46:00,2026-05-25 18:51:00
829,Device_828,door_sensor,1,2026-05-11 17:28:00,2026-05-11 17:33:00
830,Device_829,door_sensor,1,2026-05-25 00:51:00,2026-05-25 00:56:00
831,Device_830,motion_sensor,1,2026-05-10 14:45:00,2026-05-10 14:50:00
832,Device_831,motion_sensor,1,2026-05-26 16:23:00,2026-05-26 16:28:00
833,Device_832,door_sensor,1,2026-05-22 16:44:00,2026-05-22 16:49:00
834,Device_833,smart_light,1,2026-05-08 21:35:00,2026-05-08 21:40:00
835,Device_834,door_sensor,1,2026-05-21 08:45:00,2026-05-21 08:50:00
836,Device_835,smart_light,1,2026-05-17 00:00:00,2026-05-17 00:05:00
837,Device_836,motion_sensor,1,2026-05-23 16:31:00,2026-05-23 16:36:00
838,Device_837,motion_sensor,1,2026-05-11 12:30:00,2026-05-11 12:35:00
839,Device_838,smart_light,1,2026-05-04 20:49:00,2026-05-04 20:54:00
840,Device_839,smart_light,1,2026-05-08 19:50:00,2026-05-08 19:55:00
841,Device_840,motion_sensor,1,2026-05-08 12:27:00,2026-05-08 12:32:00
842,Device_841,motion_sensor,1,2026-05-04 12:32:00,2026-05-04 12:37:00
843,Device_842,motion_sensor,1,2026-05-24 09:49:00,2026-05-24 09:54:00
844,Device_843,smart_light,0,2026-05-24 01:48:00,2026-05-24 01:53:00
845,Device_844,smart_light,1,2026-05-10 01:13:00,2026-05-10 01:18:00
846,Device_845,motion_sensor,1,2026-05-16 16:43:00,2026-05-16 16:48:00
847,Device_846,motion_sensor,1,2026-05-26 11:41:00,2026-05-26 11:46:00
848,Device_847,smart_light,1,2026-05-23 22:58:00,2026-05-23 23:03:00
849,Device_848,motion_sensor,1,2026-05-25 15:56:00,2026-05-25 16:01:00
850,Device_849,smart_light,1,2026-05-17 19:46:00,2026-05-17 19:51:00
851,Device_850,smart_light,1,2026-05-06 21:09:00,2026-05-06 21:14:00
852,Device_851,smart_light,1,2026-05-21 14:18:00,2026-05-21 14:23:00
853,Device_852,door_sensor,1,2026-05-16 07:38:00,2026-05-16 07:43:00
854,Device_853,motion_sensor,1,2026-05-28 15:29:00,2026-05-28 15:34:00
855,Device_854,smart_light,1,2026-05-18 00:04:00,2026-05-18 00:09:00
856,Device_855,door_sensor,1,2026-05-05 22:52:00,2026-05-05 22:57:00
857,Device_856,door_sensor,0,2026-05-13 16:32:00,2026-05-13 16:37:00
858,Device_857,door_sensor,1,2026-05-08 15:54:00,2026-05-08 15:59:00
859,Device_858,motion_sensor,1,2026-05-07 14:20:00,2026-05-07 14:25:00
860,Device_859,door_sensor,1,2026-05-29 08:48:00,2026-05-29 08:53:00
861,Device_860,smart_light,1,2026-05-02 20:49:00,2026-05-02 20:54:00
862,Device_861,motion_sensor,1,2026-05-08 00:31:00,2026-05-08 00:36:00
863,Device_862,motion_sensor,1,2026-05-22 09:36:00,2026-05-22 09:41:00
864,Device_863,door_sensor,1,2026-05-13 18:10:00,2026-05-13 18:15:00
865,Device_864,smart_light,1,2026-05-17 17:32:00,2026-05-17 17:37:00
866,Device_865,door_sensor,1,2026-05-14 19:08:00,2026-05-14 19:13:00
867,Device_866,motion_sensor,1,2026-05-27 16:07:00,2026-05-27 16:12:00
868,Device_867,door_sensor,1,2026-05-06 17:59:00,2026-05-06 18:04:00
869,Device_868,smart_light,1,2026-05-26 02:41:00,2026-05-26 02:46:00
870,Device_869,door_sensor,0,2026-05-18 07:12:00,2026-05-18 07:17:00
871,Device_870,door_sensor,0,2026-05-12 06:49:00,2026-05-12 06:54:00
872,Device_871,motion_sensor,0,2026-05-03 11:11:00,2026-05-03 11:16:00
873,Device_872,motion_sensor,1,2026-05-26 11:42:00,2026-05-26 11:47:00
874,Device_873,door_sensor,1,2026-05-01 16:29:00,2026-05-01 16:34:00
875,Device_874,door_sensor,1,2026-05-16 17:09:00,2026-05-16 17:14:00
876,Device_875,motion_sensor,0,2026-05-28 14:10:00,2026-05-28 14:15:00
877,Device_876,smart_light,0,2026-05-13 19:56:00,2026-05-13 20:01:00
878,Device_877,motion_sensor,1,2026-05-11 11:25:00,2026-05-11 11:30:00
879,Device_878,door_sensor,1,2026-05-24 18:38:00,2026-05-24 18:43:00
880,Device_879,motion_sensor,1,2026-05-03 15:24:00,2026-05-03 15:29:00
881,Device_880,smart_light,1,2026-05-29 22:33:00,2026-05-29 22:38:00
882,Device_881,smart_light,1,2026-05-26 23:40:00,2026-05-26 23:45:00
883,Device_882,door_sensor,1,2026-05-15 18:34:00,2026-05-15 18:39:00
884,Device_883,smart_light,1,2026-05-16 01:50:00,2026-05-16 01:55:00
885,Device_884,motion_sensor,0,2026-05-17 15:26:00,2026-05-17 15:31:00
886,Device_885,motion_sensor,1,2026-05-22 12:50:00,2026-05-22 12:55:00
887,Device_886,smart_light,1,2026-05-16 19:49:00,2026-05-16 19:54:00
888,Device_887,motion_sensor,0,2026-05-28 13:06:00,2026-05-28 13:11:00
889,Device_888,motion_sensor,0,2026-05-09 14:03:00,2026-05-09 14:08:00
890,Device_889,motion_sensor,1,2026-05-15 10:46:00,2026-05-15 10:51:00
891,Device_890,motion_sensor,0,2026-05-24 14:42:00,2026-05-24 14:47:00
892,Device_891,motion_sensor,1,2026-05-14 09:52:00,2026-05-14 09:57:00
893,Device_892,smart_light,0,2026-05-03 23:46:00,2026-05-03 23:51:00
894,Device_893,smart_light,0,2026-05-21 02:16:00,2026-05-21 02:21:00
895,Device_894,door_sensor,1,2026-05-10 01:12:00,2026-05-10 01:17:00
896,Device_895,smart_light,0,2026-05-26 02:10:00,2026-05-26 02:15:00
897,Device_896,smart_light,1,2026-05-16 01:36:00,2026-05-16 01:41:00
898,Device_897,door_sensor,1,2026-05-27 09:21:00,2026-05-27 09:26:00
899,Device_898,motion_sensor,1,2026-05-15 15:49:00,2026-05-15 15:54:00
900,Device_899,smart_light,1,2026-05-17 12:11:00,2026-05-17 12:16:00
901,Device_900,door_sensor,0,2026-05-28 19:48:00,2026-05-28 19:53:00
902,Device_901,door_sensor,0,2026-05-16 18:08:00,2026-05-16 18:13:00
903,Device_902,smart_light,1,2026-05-15 04:30:00,2026-05-15 04:35:00
904,Device_903,motion_sensor,1,2026-05-21 14:31:00,2026-05-21 14:36:00
905,Device_904,motion_sensor,0,2026-05-06 15:30:00,2026-05-06 15:35:00
906,Device_905,smart_light,0,2026-05-04 17:24:00,2026-05-04 17:29:00
907,Device_906,door_sensor,0,2026-05-30 08:48:00,2026-05-30 08:53:00
908,Device_907,door_sensor,1,2026-05-04 09:03:00,2026-05-04 09:08:00
909,Device_908,motion_sensor,1,2026-05-15 11:09:00,2026-05-15 11:14:00
910,Device_909,door_sensor,1,2026-05-18 08:59:00,2026-05-18 09:04:00
911,Device_910,motion_sensor,0,2026-05-04 14:23:00,2026-05-04 14:28:00
912,Device_911,smart_light,1,2026-05-04 02:13:00,2026-05-04 02:18:00
913,Device_912,smart_light,1,2026-05-19 19:25:00,2026-05-19 19:30:00
914,Device_913,door_sensor,1,2026-05-02 18:56:00,2026-05-02 19:01:00
915,Device_914,door_sensor,1,2026-05-21 19:25:00,2026-05-21 19:30:00
916,Device_915,motion_sensor,1,2026-05-04 16:01:00,2026-05-04 16:06:00
917,Device_916,smart_light,1,2026-05-11 18:22:00,2026-05-11 18:27:00
918,Device_917,door_sensor,1,2026-05-02 18:36:00,2026-05-02 18:41:00
919,Device_918,motion_sensor,0,2026-05-11 10:39:00,2026-05-11 10:44:00
920,Device_919,motion_sensor,1,2026-05-22 11:56:00,2026-05-22 12:01:00
921,Device_920,door_sensor,1,2026-05-06 21:22:00,2026-05-06 21:27:00
922,Device_921,door_sensor,1,2026-05-08 19:27:00,2026-05-08 19:32:00
923,Device_922,door_sensor,1,2026-05-05 19:48:00,2026-05-05 19:53:00
924,Device_923,door_sensor,0,2026-05-09 17:10:00,2026-05-09 17:15:00
925,Device_924,smart_light,1,2026-05-09 02:06:00,2026-05-09 02:11:00
926,Device_925,smart_light,1,2026-05-16 01:14:00,2026-05-16 01:19:00
927,Device_926,motion_sensor,1,2026-05-04 12:18:00,2026-05-04 12:23:00
928,Device_927,smart_light,1,2026-05-29 18:09:00,2026-05-29 18:14:00
929,Device_928,door_sensor,0,2026-05-21 09:04:00,2026-05-21 09:09:00
930,Device_929,smart_light,1,2026-05-26 21:06:00,2026-05-26 21:11:00
931,Device_930,smart_light,1,2026-05-22 00:08:00,2026-05-22 00:13:00
932,Device_931,motion_sensor,1,2026-05-01 16:39:00,2026-05-01 16:44:00
933,Device_932,smart_light,0,2026-05-27 22:10:00,2026-05-27 22:15:00
934,Device_933,motion_sensor,1,2026-05-14 13:33:00,2026-05-14 13:38:00
935,Device_934,motion_sensor,1,2026-05-13 14:17:00,2026-05-13 14:22:00
936,Device_935,smart_light,0,2026-05-09 14:48:00,2026-05-09 14:53:00
937,Device_936,motion_sensor,0,2026-05-20 12:17:00,2026-05-20 12:22:00
938,Device_937,motion_sensor,0,2026-05-03 00:11:00,2026-05-03 00:16:00
939,Device_938,motion_sensor,1,2026-05-13 22:53:00,2026-05-13 22:58:00
940,Device_939,motion_sensor,0,2026-05-25 13:25:00,2026-05-25 13:30:00
941,Device_940,smart_light,1,2026-05-25 18:02:00,2026-05-25 18:07:00
942,Device_941,motion_sensor,0,2026-05-11 09:33:00,2026-05-11 09:38:00
943,Device_942,motion_sensor,1,2026-05-26 14:10:00,2026-05-26 14:15:00
944,Device_943,motion_sensor,1,2026-05-26 12:47:00,2026-05-26 12:52:00
945,Device_944,motion_sensor,1,2026-05-06 09:02:00,2026-05-06 09:07:00
946,Device_945,door_sensor,1,2026-05-05 02:21:00,2026-05-05 02:26:00
947,Device_946,door_sensor,1,2026-05-22 09:13:00,2026-05-22 09:18:00
948,Device_947,smart_light,1,2026-05-21 01:39:00,2026-05-21 01:44:00
949,Device_948,smart_light,1,2026-05-26 19:42:00,2026-05-26 19:47:00
950,Device_949,motion_sensor,1,2026-05-09 10:14:00,2026-05-09 10:19:00
951,Device_950,motion_sensor,1,2026-05-23 11:08:00,2026-05-23 11:13:00
952,Device_951,motion_sensor,1,2026-05-02 10:37:00,2026-05-02 10:42:00
953,Device_952,motion_sensor,1,2026-05-17 16:36:00,2026-05-17 16:41:00
954,Device_953,door_sensor,1,2026-05-22 08:41:00,2026-05-22 08:46:00
955,Device_954,motion_sensor,1,2026-05-12 11:20:00,2026-05-12 11:25:00
956,Device_955,smart_light,0,2026-05-24 19:10:00,2026-05-24 19:15:00
957,Device_956,door_sensor,1,2026-05-25 16:46:00,2026-05-25 16:51:00
958,Device_957,smart_light,1,2026-05-14 20:52:00,2026-05-14 20:57:00
959,Device_958,motion_sensor,1,2026-05-23 12:44:00,2026-05-23 12:49:00
960,Device_959,motion_sensor,1,2026-05-29 15:13:00,2026-05-29 15:18:00
961,Device_960,door_sensor,0,2026-05-28 09:11:00,2026-05-28 09:16:00
962,Device_961,motion_sensor,1,2026-05-15 19:40:00,2026-05-15 19:45:00
963,Device_962,door_sensor,1,2026-05-22 14:46:00,2026-05-22 14:51:00
964,Device_963,smart_light,1,2026-05-07 22:16:00,2026-05-07 22:21:00
965,Device_964,door_sensor,0,2026-05-25 07:01:00,2026-05-25 07:06:00
966,Device_965,door_sensor,1,2026-05-01 07:38:00,2026-05-01 07:43:00
967,Device_966,door_sensor,1,2026-05-11 09:48:00,2026-05-11 09:53:00
968,Device_967,smart_light,1,2026-05-09 20:29:00,2026-05-09 20:34:00
969,Device_968,door_sensor,1,2026-05-27 19:37:00,2026-05-27 19:42:00
970,Device_969,motion_sensor,1,2026-05-28 16:23:00,2026-05-28 16:28:00
971,Device_970,motion_sensor,1,2026-05-05 15:11:00,2026-05-05 15:16:00
972,Device_971,motion_sensor,1,2026-05-09 15:58:00,2026-05-09 16:03:00
973,Device_972,smart_light,1,2026-05-30 22:30:00,2026-05-30 22:35:00
974,Device_973,smart_light,1,2026-05-01 02:52:00,2026-05-01 02:57:00
975,Device_974,smart_light,1,2026-05-12 23:02:00,2026-05-12 23:07:00
976,Device_975,smart_light,1,2026-05-05 19:24:00,2026-05-05 19:29:00
977,Device_976,door_sensor,1,2026-05-22 07:24:00,2026-05-22 07:29:00
978,Device_977,motion_sensor,0,2026-05-23 15:23:00,2026-05-23 15:28:00
979,Device_978,door_sensor,1,2026-05-07 14:47:00,2026-05-07 14:52:00
980,Device_979,smart_light,1,2026-05-12 18:32:00,2026-05-12 18:37:00
981,Device_980,door_sensor,0,2026-05-26 07:05:00,2026-05-26 07:10:00
982,Device_981,motion_sensor,1,2026-05-24 10:16:00,2026-05-24 10:21:00
983,Device_982,smart_light,1,2026-05-21 22:49:00,2026-05-21 22:54:00
984,Device_983,motion_sensor,0,2026-05-28 16:45:00,2026-05-28 16:50:00
985,Device_984,motion_sensor,0,2026-05-05 09:17:00,2026-05-05 09:22:00
986,Device_985,door_sensor,1,2026-05-27 07:33:00,2026-05-27 07:38:00
987,Device_986,smart_light,0,2026-05-19 23:04:00,2026-05-19 23:09:00
988,Device_987,door_sensor,1,2026-05-06 18:07:00,2026-05-06 18:12:00
989,Device_988,door_sensor,1,2026-05-26 08:14:00,2026-05-26 08:19:00
990,Device_989,motion_sensor,0,2026-05-23 02:10:00,2026-05-23 02:15:00
991,Device_990,door_sensor,1,2026-05-13 08:47:00,2026-05-13 08:52:00
992,Device_991,door_sensor,1,2026-05-22 05:18:00,2026-05-22 05:23:00
993,Device_992,door_sensor,1,2026-05-16 16:40:00,2026-05-16 16:45:00
994,Device_993,door_sensor,1,2026-05-28 06:20:00,2026-05-28 06:25:00
995,Device_994,smart_light,0,2026-05-06 01:41:00,2026-05-06 01:46:00
996,Device_995,door_sensor,0,2026-05-28 12:12:00,2026-05-28 12:17:00
997,Device_996,motion_sensor,0,2026-05-24 12:21:00,2026-05-24 12:26:00
998,Device_997,motion_sensor,0,2026-05-01 08:58:00,2026-05-01 09:03:00
999,Device_998,smart_light,1,2026-05-06 02:10:00,2026-05-06 02:15:00
1000,Device_999,motion_sensor,0,2026-05-20 14:48:00,2026-05-20 14:53:00
